[
  {
    "title": "After Dark in Central Park",
    "year": 1900,
    "cast": [],
    "genres": [],
    "href": null
  },
  {
    "title": "Boarding School Girls' Pajama Parade",
    "year": 1900,
    "cast": [],
    "genres": [],
    "href": null
  },
  {
    "title": "Buffalo Bill's Wild West Parad",
    "year": 1900,
    "cast": [],
    "genres": [],
    "href": null
  },
  {
    "title": "Caught",
    "year": 1900,
    "cast": [],
    "genres": [],
    "href": null
  },
  {
    "title": "Clowns Spinning Hats",
    "year": 1900,
    "cast": [],
    "genres": [
      "Silent"
    ],
    "href": "Clowns_Spinning_Hats",
    "extract": "Clowns Spinning Hats is a black-and-white silent film featuring clowns throwing hats back and forth to each other. It was written and produced by Lubin Films and released April 7, 1900."
  },
  {
    "title": "Capture of Boer Battery by British",
    "year": 1900,
    "cast": [],
    "genres": [
      "Short",
      "Documentary",
      "Silent"
    ],
    "href": "Capture_of_Boer_Battery_by_British",
    "extract": "Capture of Boer Battery by British is a black-and-white silent short docu-fiction film produced by James H. White for Edison Manufacturing Company in 1900. It is one minute in length and depicts the resistance of the Gordon Highlanders to the oncoming fire of the Boer's advance during the Boer War. It was filmed in West Orange, New Jersey USA and released April 14, 1900.",
    "thumbnail": "https://upload.wikimedia.org/wikipedia/commons/thumb/f/fc/Capture_of_Boer_Battery_by_British_1900_James_H_White_Thomas_Edison.webm/320px--Capture_of_Boer_Battery_by_British_1900_James_H_White_Thomas_Edison.webm.jpg",
    "thumbnail_width": 320,
    "thumbnail_height": 240
  },
  {
    "title": "The Enchanted Drawing",
    "year": 1900,
    "cast": [],
    "genres": [
      "Silent"
    ],
    "href": "The_Enchanted_Drawing",
    "extract": "The Enchanted Drawing is a 1900 silent film directed by J. Stuart Blackton. It is best known for containing the first animated sequences recorded on standard picture film, which has led Blackton to be considered the father of American animation.",
    "thumbnail": "https://upload.wikimedia.org/wikipedia/commons/thumb/c/c6/The_Enchanted_Drawing.ogv/320px--The_Enchanted_Drawing.ogv.jpg",
    "thumbnail_width": 320,
    "thumbnail_height": 240
  },
  {
    "title": "Feeding Sea Lions",
    "year": 1900,
    "cast": [
      "Paul Boyton"
    ],
    "genres": [
      "Short",
      "Silent"
    ],
    "href": "Feeding_Sea_Lions",
    "extract": "Feeding Sea Lions is short silent film featuring Paul Boyton feeding sea lions at his Sea Lion Park at Coney Island. Boyton is shown feeding the trained sea lions, twelve in number. The sea lions follow Boyton up the steps of the pool and then follow him back into the water. One of them steals food out of the basket. The film was made by Lubin Studios on March 10, 1900."
  },
  {
    "title": "How to Make a Fat Wife Out of Two Lean Ones",
    "year": 1900,
    "cast": [],
    "genres": [
      "Comedy"
    ],
    "href": null
  },
  {
    "title": "New Life Rescue",
    "year": 1900,
    "cast": [],
    "genres": [],
    "href": null
  },
  {
    "title": "New Morning Bath",
    "year": 1900,
    "cast": [],
    "genres": [],
    "href": null
  },
  {
    "title": "Searching Ruins on Broadway, Galveston, for Dead Bodies",
    "year": 1900,
    "cast": [],
    "genres": [
      "Silent"
    ],
    "href": "Searching_Ruins_on_Broadway,_Galveston,_for_Dead_Bodies",
    "extract": "Searching Ruins on Broadway, Galveston, for Dead Bodies is a 1900 black-and-white silent film depicting the destruction caused by the Galveston hurricane on September 8, 1900. The film was produced by Edison Studios. It depicts laborers clearing debris searching for dead bodies. A body was found during the search.",
    "thumbnail": "https://upload.wikimedia.org/wikipedia/commons/thumb/b/b7/Searching_Ruins_on_Broadway_Galveston_for_Dead_Bodies_1900_Albert_E_Smith_Thomas_Edison.webm/320px--Searching_Ruins_on_Broadway_Galveston_for_Dead_Bodies_1900_Albert_E_Smith_Thomas_Edison.webm.jpg",
    "thumbnail_width": 320,
    "thumbnail_height": 240
  },
  {
    "title": "Sherlock Holmes Baffled",
    "year": 1900,
    "cast": [],
    "genres": [
      "Short",
      "Silent"
    ],
    "href": "Sherlock_Holmes_Baffled",
    "extract": "Sherlock Holmes Baffled is an American short silent film created in 1900 with cinematography by Arthur Marvin. It is the earliest known film to feature Arthur Conan Doyle's detective character Sherlock Holmes, albeit in a form unlike that of later screen incarnations. In the film, a thief who can appear and disappear at will steals a sack of items from Sherlock Holmes. At each point, Holmes's attempts to thwart the intruder end in failure.",
    "thumbnail": "https://upload.wikimedia.org/wikipedia/commons/thumb/c/c5/Sherlock_Holmes_Baffled.ogv/320px--Sherlock_Holmes_Baffled.ogv.jpg",
    "thumbnail_width": 320,
    "thumbnail_height": 256
  },
  {
    "title": "The Tribulations of an Amateur Photographer",
    "year": 1900,
    "cast": [],
    "genres": [],
    "href": null
  },
  {
    "title": "Trouble in Hogan's Alley",
    "year": 1900,
    "cast": [],
    "genres": [
      "Comedy"
    ],
    "href": null
  },
  {
    "title": "Two Old Sparks",
    "year": 1900,
    "cast": [],
    "genres": [
      "Short"
    ],
    "href": null
  },
  {
    "title": "The Wonder, Ching Ling Foo",
    "year": 1900,
    "cast": [
      "Ching Ling Foo"
    ],
    "genres": [
      "Short"
    ],
    "href": null
  },
  {
    "title": "Watermelon Contest",
    "year": 1900,
    "cast": [],
    "genres": [
      "Short"
    ],
    "href": null
  },
  {
    "title": "Acrobats in Cairo",
    "year": 1901,
    "cast": [],
    "genres": []
  },
  {
    "title": "An Affair of Honor",
    "year": 1901,
    "cast": [],
    "genres": [
      "Silent"
    ],
    "href": "An_Affair_of_Honor",
    "extract": "Affair of Honor is a silent film that was inspired by a famous painting. It was made 18 May 1901 in Philadelphia, Pennsylvania by Lubin Studios."
  },
  {
    "title": "Another Job for the Undertaker",
    "year": 1901,
    "cast": [],
    "genres": [
      "Silent"
    ],
    "href": "Another_Job_for_the_Undertaker",
    "extract": "Another Job for the Undertaker is a 1901 silent comic trick film made at Edison's recently opened studio at 41 East 21st Street in Manhattan. It was photographed by Edwin S. Porter and co-directed by Porter and George S. Fleming. The two-shot film was copyrighted on May 15, 1901 and is approximately two minutes in length. It lacks a head title, which would have been supplied by projecting a separate lantern slide before screening the film.",
    "thumbnail": "https://upload.wikimedia.org/wikipedia/commons/thumb/d/db/Another_Job_for_the_Undertaker_1901_Edwin_S_Porter_Thomas_Edison.webm/320px--Another_Job_for_the_Undertaker_1901_Edwin_S_Porter_Thomas_Edison.webm.jpg",
    "thumbnail_width": 320,
    "thumbnail_height": 240
  },
  {
    "title": "Arrival of Tongkin Train",
    "year": 1901,
    "cast": [],
    "genres": [
      "Documentary",
      "Silent"
    ],
    "href": "Arrival_of_Tongkin_Train",
    "extract": "Arrival of Tongkin Train, also referred to as Arrival of Train, Tien-Tsin, is a 1901 documentary silent film showing the arrival of a train in Tianjin, China. The film was made by American Mutoscope and Biograph Company."
  },
  {
    "title": "The Artist's Dilemma",
    "year": 1901,
    "cast": [],
    "genres": [
      "Fantasy",
      "Silent"
    ],
    "href": "The_Artist%27s_Dilemma",
    "extract": "The Artist's Dilemma is a 1901 silent, fantasy film. It was filmed in New York City, New York, USA. It is short film running two minutes. It features an artist asleep in his studio and his dream of a clock opening and a beautiful woman coming out of it.",
    "thumbnail": "https://upload.wikimedia.org/wikipedia/commons/thumb/b/bc/The_Artist%27s_Dilemma_%281901%29_-_yt.webm/320px--The_Artist%27s_Dilemma_%281901%29_-_yt.webm.jpg",
    "thumbnail_width": 320,
    "thumbnail_height": 240
  },
  {
    "title": "Band and Battalion of the U.S. Indian School",
    "year": 1901,
    "cast": [],
    "genres": [
      "Silent"
    ],
    "href": "Band_and_Battalion_of_the_U.S._Indian_School",
    "extract": "Band and Battalion of the U.S. Indian School is a silent film documentary made on April 30, 1901 by American Mutoscope and Biograph Company made in Carlisle, Pennsylvania, USA. The cinematographer was Arthur Marvin. It depicts a parade drill by the cadet corps of the American Indian School which includes many representatives of the Native American tribes in the United States. The head of the parade was the renowned Carlisle Band of the Carlisle Indian Industrial School. In 1902 Marvin produced another documentary, Club Swinging at Carlisle Indian School for AM&B."
  },
  {
    "title": "Barnum and Bailey's Circus",
    "year": 1901,
    "cast": [],
    "genres": [],
    "href": "Barnum_and_Bailey%27s_Circus",
    "extract": "The Ringling Bros. and Barnum & Bailey Circus is an American traveling circus company billed as The Greatest Show on Earth. It and its predecessor shows ran from 1871 to 2017. Known as Ringling Bros. and Barnum & Bailey, the circus started in 1919 when the Barnum & Bailey's Greatest Show on Earth, a circus created by P. T. Barnum and James Anthony Bailey, was merged with the Ringling Bros. World's Greatest Shows. The Ringling brothers had purchased Barnum & Bailey Ltd. following Bailey's death in 1906, but ran the circuses separately until they were merged in 1919.",
    "thumbnail": "https://upload.wikimedia.org/wikipedia/commons/thumb/4/4a/Ringling_Logo.png/320px-Ringling_Logo.png",
    "thumbnail_width": 320,
    "thumbnail_height": 132
  },
  {
    "title": "Beef Extract Room",
    "year": 1901,
    "cast": [],
    "genres": []
  },
  {
    "title": "Boxing in Barrels",
    "year": 1901,
    "cast": [],
    "genres": [
      "Silent"
    ],
    "href": "Boxing_in_Barrels",
    "extract": "Boxing in Barrels is a silent film written and released by Lubin Studios in 1901. It features a man and a clown boxing in a barrel."
  },
  {
    "title": "Branding Hams",
    "year": 1901,
    "cast": [],
    "genres": []
  },
  {
    "title": "Buffalo Street Parade",
    "year": 1901,
    "cast": [],
    "genres": []
  },
  {
    "title": "A Busy Corner at Armour's",
    "year": 1901,
    "cast": [],
    "genres": []
  },
  {
    "title": "The Bund, Shanghai",
    "year": 1901,
    "cast": [],
    "genres": []
  },
  {
    "title": "Circular Panorama of the Base of the Electric Tower, Ending Looking Down the Mall",
    "year": 1901,
    "cast": [],
    "genres": []
  },
  {
    "title": "Circular Panorama of the Electric Tower and Pond",
    "year": 1901,
    "cast": [],
    "genres": []
  },
  {
    "title": "Circular Panorama of the Esplanade with the Electric Tower in the Background",
    "year": 1901,
    "cast": [],
    "genres": []
  },
  {
    "title": "Coaling a Steamer, Nagasaki Bay, Japan",
    "year": 1901,
    "cast": [],
    "genres": []
  },
  {
    "title": "Convention of Railroad Passengers",
    "year": 1901,
    "cast": [],
    "genres": []
  },
  {
    "title": "Cornell-Columbia-University of Pennsylvania Boat Race at Ithaca, N.Y., Showing Lehigh Valley Observation Train",
    "year": 1901,
    "cast": [],
    "genres": []
  },
  {
    "title": "Couchee Dance on the Midway",
    "year": 1901,
    "cast": [],
    "genres": []
  },
  {
    "title": "The Donkey Party",
    "year": 1901,
    "cast": [],
    "genres": []
  }
]